County,Year,Labor Force,Employed,Unemployed,Unemployment Rate,Crime Index Total,Violent Total,Murder,Rape,Robbery,Aggravated Assault,Property Total,Burglary,Larceny,Motor Vehicle Theft,Region
Albany County,1990,157200,151500,5600,3.6,14418,1524,12,119,450,943,12894,3163,9021,710,Non-New York City
Albany County,1991,154700,146800,7900,5.1,15464,1674,13,90,584,987,13790,3271,9768,751,Non-New York City
Albany County,1992,156400,149000,7400,4.7,16249,1588,11,96,561,920,14661,3450,10406,805,Non-New York City
Albany County,1993,156600,150300,6300,4,15139,1669,8,80,557,1024,13470,3235,9562,673,Non-New York City
Albany County,1994,156800,151200,5600,3.6,16724,1771,13,102,646,1010,14953,3401,10744,808,Non-New York City
Albany County,1995,155600,149500,6100,3.9,16699,1606,9,77,643,877,15093,3178,11030,885,Non-New York City
Albany County,1996,156500,151400,5100,3.3,13676,1408,11,64,557,776,12268,2911,8645,712,Non-New York City
Albany County,1997,159300,154200,5100,3.2,14542,1450,10,128,503,809,13092,2789,9674,629,Non-New York City
Albany County,1998,159200,155200,3900,2.5,13733,1310,3,103,475,729,12423,2767,9077,579,Non-New York City
Albany County,1999,158300,154100,4200,2.7,14145,1133,13,73,435,612,13012,2845,9509,658,Non-New York City
Albany County,2000,154500,150000,4500,2.9,14096,1353,12,79,487,775,12743,2489,9619,635,Non-New York City
Albany County,2001,155300,149500,5800,3.8,13733,1649,7,83,533,1026,12084,2427,8889,768,Non-New York City
Albany County,2002,157300,151300,6000,3.8,12784,1706,10,78,547,1071,11078,2180,8140,758,Non-New York City
Albany County,2003,156700,150000,6600,4.2,11977,1402,11,51,436,904,10575,2068,7883,624,Non-New York City
Albany County,2004,158400,152000,6400,4,12710,1431,14,77,481,859,11279,1991,8612,676,Non-New York City
Albany County,2005,159300,153300,5900,3.7,12119,1615,13,96,511,995,10504,2044,7890,570,Non-New York City
Albany County,2006,158500,153100,5400,3.4,11935,1545,5,71,455,1014,10390,1742,8204,444,Non-New York City
Albany County,2007,158300,151900,6400,4,10584,1468,5,75,437,951,9116,1585,7104,427,Non-New York City
Albany County,2008,158700,150000,8800,5.5,10750,1356,10,73,454,819,9394,1660,7403,331,Non-New York City
Albany County,2009,155700,144600,11100,7.1,10613,1289,12,59,400,818,9324,1521,7451,352,Non-New York City
Albany County,2010,158200,147200,11000,6.9,11037,1182,3,61,367,751,9855,1594,7906,355,Non-New York City
Albany County,2011,157700,146700,11000,7,10727,1166,7,47,396,716,9561,1571,7739,251,Non-New York City
Albany County,2012,159900,148900,10900,6.8,9974,1011,6,67,312,626,8963,1502,7200,261,Non-New York City
Albany County,2013,157300,149100,8100,5.2,9456,1005,9,47,293,656,8451,1203,6998,250,Non-New York City
Albany County,2014,155000,148400,6700,4.3,9186,1003,14,46,316,627,8183,1129,6821,233,Non-New York City
Albany County,2015,157600,151400,6100,3.9,8644,1041,6,95,289,651,7603,940,6442,221,Non-New York City
Albany County,2016,156400,150200,6200,4,8766,1099,5,107,293,694,7667,899,6552,216,Non-New York City
Albany County,2017,159100,152900,6200,3.9,8792,1162,8,116,313,725,7630,788,6615,227,Non-New York City
Albany County,2018,159900,154500,5300,3.3,8346,1097,15,119,258,705,7249,744,6277,228,Non-New York City
Albany County,2019,160400,154900,5500,3.4,8004,997,8,129,233,627,7007,747,6015,245,Non-New York City
Albany County,2020,156600,148400,8200,5.3,7404,1097,17,108,214,758,6307,716,5162,429,Non-New York City
Albany County,2021,155900,151700,4200,2.7,7861,1131,20,107,208,796,6730,669,5561,500,Non-New York City
Albany County,2022,156300,152000,4300,2.8,9717,1253,17,131,305,800,8464,897,6795,772,Non-New York City
Bronx County,1990,452400,414200,38200,8.4,104729,33635,652,645,17873,14465,71094,19010,29115,22969,New York City
Bronx County,1991,451800,400700,51100,11.3,100071,33515,552,601,18074,14288,66556,18463,27506,20587,New York City
Bronx County,1992,460100,399700,60400,13.1,92551,31050,547,566,16465,13472,61501,17699,26070,17732,New York City
Bronx County,1993,447400,399300,48100,10.7,91927,31235,512,606,16386,13731,60692,18763,26273,15656,New York City
Bronx County,1994,443100,406300,36800,8.3,84330,27863,393,546,13998,12926,56467,16440,25420,14607,New York City
Bronx County,1995,449100,407200,41900,9.3,73397,24660,302,556,11585,12217,48737,13996,23648,11093,New York City
Bronx County,1996,472300,419100,53200,11.3,63772,20615,248,530,10023,9814,43157,11374,22006,9777,New York City
Bronx County,1997,480400,432700,47700,9.9,57626,19592,195,538,9056,9803,38034,9524,20323,8187,New York City
Bronx County,1998,481500,439500,42000,8.7,52464,18391,170,533,7661,10027,34073,8210,18558,7305,New York City
Bronx County,1999,484200,450900,33300,6.9,49928,16820,139,408,6836,9437,33108,7582,18376,7150,New York City
Bronx County,2000,486500,455100,31500,6.5,49537,16482,190,400,6123,9769,33055,7312,19101,6642,New York City
Bronx County,2001,490000,446700,43300,8.8,46367,14793,191,404,5288,8910,31574,5702,20303,5569,New York City
Bronx County,2002,501200,449800,51500,10.3,44035,14112,172,443,5215,8282,29923,5057,19585,5281,New York City
Bronx County,2003,499300,449900,49400,9.9,43071,13381,136,407,5170,7668,29690,5027,19851,4812,New York City
Bronx County,2004,504800,465900,38900,7.7,40939,12797,125,290,5076,7306,28142,4708,18904,4530,New York City
Bronx County,2005,508300,473400,34900,6.9,39024,12325,129,267,5057,6872,26699,4082,18487,4130,New York City
Bronx County,2006,506600,477000,29500,5.8,36655,11922,155,247,4882,6638,24733,3776,17526,3431,New York City
Bronx County,2007,516200,482400,33800,6.5,36053,11689,130,181,4613,6765,24364,3756,17617,2991,New York City
Bronx County,2008,533600,485700,47800,9,35284,11345,132,191,4793,6229,23939,3408,17608,2923,New York City
Bronx County,2009,537500,466000,71500,13.3,33755,11242,113,163,4132,6834,22513,3563,16525,2425,New York City
Bronx County,2010,584400,516900,67500,11.5,34008,12070,127,191,4647,7105,21938,3223,16552,2163,New York City
Bronx County,2011,589100,517900,71300,12.1,35130,12267,148,204,4580,7335,22863,3395,17358,2110,New York City
Bronx County,2012,597500,526500,71000,11.9,35962,12801,114,220,4731,7736,23161,3058,18454,1649,New York City
Bronx County,2013,597200,535200,61900,10.4,36280,13020,83,189,4456,8292,23260,2795,19016,1449,New York City
Bronx County,2014,600400,551100,49300,8.2,36030,12713,95,242,4004,8372,23317,2739,19104,1474,New York City
Bronx County,2015,599800,558500,41300,6.9,36299,13409,91,556,4386,8376,22890,2530,18767,1593,New York City
Bronx County,2016,601000,564000,37000,6.2,36834,13817,98,615,4297,8807,23017,2459,19191,1367,New York City
Bronx County,2017,627100,591700,35500,5.7,35507,12534,72,551,3570,8341,22973,2108,19509,1356,New York City
Bronx County,2018,626800,592200,34600,5.5,35355,12514,91,662,3213,8548,22841,2095,19434,1312,New York City
Bronx County,2019,621900,593000,28900,4.7,35255,13157,84,645,3530,8898,22098,1750,19081,1267,New York City
Bronx County,2020,613300,513200,100000,16.3,36217,13129,111,523,3519,8976,23088,2230,18728,2130,New York City
Bronx County,2021,606800,543200,63600,10.5,38311,14819,148,619,4048,10004,23492,1925,18432,3135,New York City
Bronx County,2022,602800,561700,41100,6.8,48270,17592,131,666,5166,11629,30678,2582,24044,4052,New York City
Columbia County,1990,30700,29600,1100,3.6,1954,253,0,7,7,239,1701,446,1182,73,Non-New York City
Columbia County,1991,30000,28400,1700,5.6,2323,363,1,8,31,323,1960,559,1332,69,Non-New York City
Columbia County,1992,31000,29300,1600,5.3,1875,269,0,7,30,232,1606,447,1106,53,Non-New York City
Columbia County,1993,32000,30300,1700,5.3,1759,274,1,9,24,240,1485,435,996,54,Non-New York City
Columbia County,1994,32300,31100,1200,3.6,1690,241,2,13,16,210,1449,449,949,51,Non-New York City
Columbia County,1995,32100,30700,1400,4.2,1756,322,1,8,37,276,1434,403,981,50,Non-New York City
Columbia County,1996,31900,31000,1000,3.1,1711,231,0,13,26,192,1480,350,1084,46,Non-New York City
Columbia County,1997,32600,31500,1100,3.3,1734,302,2,6,30,264,1432,367,1025,40,Non-New York City
Columbia County,1998,33100,32200,900,2.7,1502,247,1,8,28,210,1255,366,836,53,Non-New York City
Columbia County,1999,34000,33100,900,2.5,1362,200,1,4,28,167,1162,257,872,33,Non-New York City
Columbia County,2000,30900,29900,1000,3.2,1128,146,1,4,21,120,982,201,741,40,Non-New York City
Columbia County,2001,31500,30200,1300,4.1,1074,116,1,2,18,95,958,199,730,29,Non-New York City
Columbia County,2002,31300,30000,1300,4.1,1073,114,0,6,17,91,959,236,703,20,Non-New York City
Columbia County,2003,31000,29700,1300,4.3,887,64,0,7,11,46,823,157,627,39,Non-New York City
Columbia County,2004,31700,30400,1300,4,1082,74,1,6,8,59,1008,163,807,38,Non-New York City
Columbia County,2005,31900,30700,1200,3.8,1098,89,2,6,11,70,1009,204,790,15,Non-New York City
Columbia County,2006,32000,31000,1100,3.3,1323,125,3,16,19,87,1198,281,890,27,Non-New York City
Columbia County,2007,31400,30100,1300,4.2,1362,149,1,11,17,120,1213,291,884,38,Non-New York City
Columbia County,2008,31100,29300,1800,5.8,1336,137,2,6,10,119,1199,275,903,21,Non-New York City
Columbia County,2009,30700,28300,2400,7.9,1180,113,0,8,6,99,1067,297,756,14,Non-New York City
Columbia County,2010,31300,29000,2300,7.3,1213,94,1,10,8,75,1119,237,859,23,Non-New York City
Columbia County,2011,31200,29000,2200,7.1,1234,96,1,5,13,77,1138,252,870,16,Non-New York City
Columbia County,2012,31300,29100,2200,7,1425,100,0,16,15,69,1325,262,1051,12,Non-New York City
Columbia County,2013,30900,29300,1600,5.3,1127,76,0,8,17,51,1051,207,830,14,Non-New York City
Columbia County,2014,30600,29300,1300,4.2,926,47,0,5,8,34,879,157,702,20,Non-New York City
Columbia County,2015,31000,29900,1100,3.6,895,103,3,40,9,51,792,161,617,14,Non-New York City
Columbia County,2016,30500,29300,1200,3.8,837,100,0,40,6,54,737,134,592,11,Non-New York City
Columbia County,2017,31500,30400,1100,3.6,969,133,1,39,11,82,836,139,669,28,Non-New York City
Columbia County,2018,32000,31100,1000,3,893,102,1,44,0,57,791,110,662,19,Non-New York City
Columbia County,2019,31700,30700,1000,3.1,720,97,2,34,7,54,623,105,500,18,Non-New York City
Columbia County,2020,30700,29300,1400,4.4,725,93,1,27,11,54,632,95,513,24,Non-New York City
Columbia County,2021,29900,29200,700,2.4,605,81,1,29,7,44,524,72,425,27,Non-New York City
Columbia County,2022,29800,29000,800,2.5,715,54,1,15,4,34,661,72,566,23,Non-New York City
Dutchess County,1990,132900,127900,5000,3.8,8957,1104,10,42,309,743,7853,1645,5689,519,Non-New York City
Dutchess County,1991,127100,120500,6600,5.2,9240,974,13,47,269,645,8266,1908,5941,417,Non-New York City
Dutchess County,1992,124500,116100,8400,6.8,9046,1017,9,40,306,662,8029,1816,5856,357,Non-New York City
Dutchess County,1993,120700,110900,9700,8.1,7908,888,11,37,255,585,7020,1555,5123,342,Non-New York City
Dutchess County,1994,115600,109700,5900,5.1,7570,889,10,45,227,607,6681,1454,4950,277,Non-New York City
Dutchess County,1995,115400,110800,4600,4,7687,1103,13,52,284,754,6584,1349,4914,321,Non-New York City
Dutchess County,1996,118600,114200,4400,3.7,7635,935,11,45,242,637,6700,1356,5009,335,Non-New York City
Dutchess County,1997,120200,116100,4100,3.4,7565,840,2,48,227,563,6725,1363,5097,265,Non-New York City
Dutchess County,1998,120700,117200,3600,2.9,6635,680,11,43,187,439,5955,1074,4600,281,Non-New York City
Dutchess County,1999,122600,119200,3400,2.8,6618,603,13,45,171,374,6015,990,4751,274,Non-New York City
Dutchess County,2000,139200,135400,3800,2.7,6346,609,7,46,163,393,5737,844,4629,264,Non-New York City
Dutchess County,2001,141600,136000,5600,3.9,6118,627,7,38,168,414,5491,829,4379,283,Non-New York City
Dutchess County,2002,144400,138700,5700,4,5968,696,6,47,198,445,5272,881,4122,269,Non-New York City
Dutchess County,2003,143400,137400,5900,4.1,6225,786,4,59,199,524,5439,1041,4118,280,Non-New York City
Dutchess County,2004,146700,140700,5900,4,5310,747,4,42,181,520,4563,657,3624,282,Non-New York City
Dutchess County,2005,147500,142100,5400,3.7,6023,826,5,70,219,532,5197,885,4053,259,Non-New York City
Dutchess County,2006,146800,141900,4900,3.3,5973,854,8,39,265,542,5119,903,3982,234,Non-New York City
Dutchess County,2007,145400,139500,5900,4.1,6421,895,14,42,255,584,5526,909,4354,263,Non-New York City
Dutchess County,2008,145500,136800,8700,6,6537,892,5,45,249,593,5645,994,4439,212,Non-New York City
Dutchess County,2009,143500,131800,11700,8.2,6095,909,4,35,282,588,5186,881,4137,168,Non-New York City
Dutchess County,2010,146800,135800,11000,7.5,5937,724,12,43,210,459,5213,997,4063,153,Non-New York City
Dutchess County,2011,146000,135100,10800,7.4,5677,625,7,42,150,426,5052,957,3945,150,Non-New York City
Dutchess County,2012,145400,134600,10800,7.5,5900,678,5,29,163,481,5222,898,4168,156,Non-New York City
Dutchess County,2013,142900,134700,8300,5.8,5121,584,12,28,150,394,4537,770,3629,138,Non-New York City
Dutchess County,2014,140500,134000,6500,4.6,4832,561,3,26,172,360,4271,632,3545,94,Non-New York City
Dutchess County,2015,143100,137400,5700,4,4519,558,4,108,118,328,3961,505,3345,111,Non-New York City
Dutchess County,2016,141400,135600,5800,4.1,4116,566,4,111,114,337,3550,481,2991,78,Non-New York City
Dutchess County,2017,145000,139300,5700,3.9,4096,573,5,107,110,351,3523,414,3027,82,Non-New York City
Dutchess County,2018,147000,142300,4700,3.2,3660,540,6,113,104,317,3120,352,2633,135,Non-New York City
Dutchess County,2019,148200,143100,5100,3.4,3548,567,5,104,108,350,2981,285,2570,126,Non-New York City
Dutchess County,2020,143100,135800,7300,5.1,3734,579,9,93,88,389,3155,246,2760,149,Non-New York City
Dutchess County,2021,143000,139100,3900,2.7,3369,550,5,107,66,372,2819,232,2404,183,Non-New York City
Dutchess County,2022,144000,140100,3900,2.7,3693,604,9,101,66,428,3089,227,2730,132,Non-New York City
Greene County,1990,20600,19300,1300,6.4,1440,205,1,13,8,183,1235,396,792,47,Non-New York City
Greene County,1991,21100,19200,1900,8.9,1626,221,5,4,5,207,1405,491,857,57,Non-New York City
Greene County,1992,21400,19400,1900,9.1,1408,261,1,11,8,241,1147,403,714,30,Non-New York City
Greene County,1993,21000,19100,1900,8.8,1402,299,0,7,5,287,1103,374,699,30,Non-New York City
Greene County,1994,21100,19600,1600,7.4,1315,271,2,9,12,248,1044,325,690,29,Non-New York City
Greene County,1995,21000,19500,1500,7.2,1347,283,1,4,11,267,1064,354,681,29,Non-New York City
Greene County,1996,20200,18900,1300,6.4,1222,267,2,5,5,255,955,321,597,37,Non-New York City
Greene County,1997,21600,20300,1300,6.1,1269,337,1,6,4,326,932,312,590,30,Non-New York City
Greene County,1998,21700,20500,1300,5.8,1147,326,2,10,7,307,821,289,508,24,Non-New York City
Greene County,1999,21700,20600,1100,5.1,1110,219,1,12,6,200,891,241,622,28,Non-New York City
Greene County,2000,22800,21800,1000,4.3,888,153,2,7,5,139,735,237,473,25,Non-New York City
Greene County,2001,22900,21700,1200,5.3,931,175,1,6,15,153,756,257,475,24,Non-New York City
Greene County,2002,24100,23000,1200,4.8,810,146,0,5,18,123,664,219,416,29,Non-New York City
Greene County,2003,22700,21500,1200,5.5,718,152,1,13,7,131,566,189,352,25,Non-New York City
Greene County,2004,23100,21900,1200,5.3,803,140,2,9,8,121,663,196,452,15,Non-New York City
Greene County,2005,24100,23000,1200,4.8,828,133,0,4,4,125,695,203,469,23,Non-New York City
Greene County,2006,24400,23300,1100,4.5,969,183,4,8,5,166,786,217,538,31,Non-New York City
Greene County,2007,24100,22800,1300,5.3,1140,176,1,18,6,151,964,243,687,34,Non-New York City
Greene County,2008,24300,22500,1800,7.2,1418,102,1,2,5,94,1316,262,1013,41,Non-New York City
Greene County,2009,23800,21600,2200,9.2,851,102,1,7,6,88,749,208,518,23,Non-New York City
Greene County,2010,21700,19600,2000,9.4,836,92,0,8,9,75,744,226,485,33,Non-New York City
Greene County,2011,21400,19300,2100,9.9,831,105,0,8,7,90,726,206,491,29,Non-New York City
Greene County,2012,21200,19000,2200,10.4,721,88,0,7,6,75,633,194,419,20,Non-New York City
Greene County,2013,20800,19200,1600,7.9,718,58,1,8,6,43,660,213,421,26,Non-New York City
Greene County,2014,20500,19200,1300,6.3,686,78,2,11,1,64,608,151,440,17,Non-New York City
Greene County,2015,20200,19100,1100,5.5,606,117,0,32,4,81,489,124,355,10,Non-New York City
Greene County,2016,20200,19200,1100,5.3,554,104,0,32,3,69,450,119,320,11,Non-New York City
Greene County,2017,20800,19600,1100,5.4,635,139,1,38,4,96,496,99,381,16,Non-New York City
Greene County,2018,20900,19900,900,4.3,609,114,2,40,1,71,495,106,381,8,Non-New York City
Greene County,2019,21000,20000,1000,4.6,591,180,0,41,8,131,411,90,309,12,Non-New York City
Greene County,2020,20300,19100,1200,5.8,550,192,0,25,2,165,358,58,288,12,Non-New York City
Greene County,2021,20000,19300,700,3.3,595,206,3,37,5,161,389,63,313,13,Non-New York City
Greene County,2022,20100,19400,700,3.3,566,204,0,10,3,191,362,54,291,17,Non-New York City
Kings County,1990,946600,870300,76300,8.1,202009,63087,759,1159,36341,24828,138922,39041,54827,45054,New York City
Kings County,1991,937500,840900,96600,10.3,191259,60814,786,1039,34915,24074,130445,36004,50983,43458,New York City
Kings County,1992,956300,840100,116200,12.1,176699,56682,652,1065,32458,22507,120017,32561,47996,39460,New York City
Kings County,1993,938600,837500,101000,10.8,169236,54931,718,1046,30973,22194,114305,30659,50631,33015,New York City
Kings County,1994,923500,849500,73900,8,148398,48212,546,1007,25504,21155,100186,26428,45928,27830,New York City
Kings County,1995,940100,854200,86000,9.1,123733,39887,382,882,20780,17843,83846,21874,40340,21632,New York City
Kings County,1996,973500,873100,100400,10.3,106659,34798,340,842,17061,16555,71861,18796,36240,16825,New York City
Kings County,1997,997600,905100,92500,9.3,101454,32697,276,743,15613,16065,68757,16994,37139,14624,New York City
Kings County,1998,1004600,919800,84800,8.4,96447,31123,237,789,14141,15956,65324,15055,37296,12973,New York City
Kings County,1999,1011000,942500,68600,6.8,89153,28725,263,688,13108,14666,60428,13295,35084,12049,New York City
Kings County,2000,1041200,983200,58000,5.6,85912,27611,236,626,12154,14595,58301,12264,34776,11261,New York City
Kings County,2001,1043600,959600,84000,8.1,77831,25226,254,570,10521,13881,52605,10555,32863,9187,New York City
Kings County,2002,1053800,959400,94400,9,73707,22466,221,636,9980,11629,51241,10139,32728,8374,New York City
Kings County,2003,1042000,957600,84500,8.1,71289,21485,235,536,9641,11073,49804,9483,32596,7725,New York City
Kings County,2004,1066600,998500,68100,6.4,67962,19735,232,459,8783,10261,48227,8901,32551,6775,New York City
Kings County,2005,1073700,1013500,60300,5.6,66239,19369,211,420,8715,10023,46870,7877,32977,6016,New York City
Kings County,2006,1077200,1027600,49600,4.6,61368,17992,225,307,8182,9278,43376,7415,30785,5176,New York City
Kings County,2007,1095100,1037800,57300,5.2,59321,17526,213,252,7629,9432,41795,6917,30586,4292,New York City
Kings County,2008,1123300,1043000,80300,7.2,59547,16895,213,250,7867,8565,42652,6758,32022,3872,New York City
Kings County,2009,1120100,1000800,119200,10.6,55816,15803,201,253,6292,9057,40013,6262,30292,3459,New York City
Kings County,2010,1163900,1055900,108000,9.3,57172,16514,222,323,6684,9285,40658,6421,30900,3337,New York City
Kings County,2011,1177100,1064000,113100,9.6,59014,18182,198,347,7090,10547,40832,6144,31752,2936,New York City
Kings County,2012,1197600,1084600,113000,9.4,60690,18673,149,358,7295,10871,42017,6585,32752,2680,New York City
Kings County,2013,1201400,1103500,98000,8.2,59056,18258,147,401,6854,10856,40798,5635,32557,2606,New York City
Kings County,2014,1209400,1134800,74600,6.2,56700,17053,122,347,5980,10604,39647,5719,31273,2655,New York City
Kings County,2015,1204300,1142800,61500,5.1,53957,16385,146,659,5686,9894,37572,5077,30015,2480,New York City
Kings County,2016,1204300,1150100,54200,4.5,50802,15523,128,678,4907,9810,35279,3832,29366,2081,New York City
Kings County,2017,1252100,1200800,51300,4.1,49766,14593,111,709,4497,9276,35173,3659,29589,1925,New York City
Kings County,2018,1254200,1202900,51300,4.1,50106,14384,98,802,4157,9327,35722,3585,30417,1720,New York City
Kings County,2019,1248700,1206000,42700,3.4,47735,14194,100,842,4031,9221,33541,3203,28505,1833,New York City
Kings County,2020,1194000,1048100,146000,12.2,50938,14590,175,701,3816,9898,36348,4099,29306,2943,New York City
Kings County,2021,1203500,1110400,93100,7.7,50476,15249,150,713,3590,10796,35227,3478,28819,2930,New York City
Kings County,2022,1210800,1148500,62300,5.1,62416,17123,140,729,4479,11775,45293,4104,37481,3708,New York City
Nassau County,1990,691700,663500,28200,4.1,42142,3223,35,107,1499,1582,38919,6894,23129,8896,Non-New York City
Nassau County,1991,676000,636200,39800,5.9,43219,3848,42,144,1806,1856,39371,7258,23436,8677,Non-New York City
Nassau County,1992,676900,633800,43100,6.4,40203,3718,24,125,1954,1615,36485,6956,21185,8344,Non-New York City
Nassau County,1993,674200,639900,34300,5.1,38965,3567,38,114,1756,1659,35398,5972,21522,7904,Non-New York City
Nassau County,1994,676600,649500,27100,4,34561,3135,23,117,1491,1504,31426,5224,19766,6436,Non-New York City
Nassau County,1995,669800,643800,26000,3.9,33229,3198,30,120,1391,1657,30031,4740,19917,5374,Non-New York City
Nassau County,1996,688200,667700,20500,3,32413,3268,21,106,1323,1818,29145,4373,19821,4951,Non-New York City
Nassau County,1997,697300,676400,20800,3,29790,2532,25,125,1192,1190,27258,3688,18744,4826,Non-New York City
Nassau County,1998,701000,684300,16700,2.4,27585,2468,22,96,1093,1257,25117,3523,17494,4100,Non-New York City
Nassau County,1999,704600,686700,17900,2.5,28198,2595,24,116,1290,1165,25603,3233,18514,3856,Non-New York City
Nassau County,2000,680400,660500,19900,2.9,25981,2389,25,116,1077,1171,23592,3134,16739,3719,Non-New York City
Nassau County,2001,679400,648400,31000,4.6,23077,2671,29,126,1097,1419,20406,3162,14312,2932,Non-New York City
Nassau County,2002,685700,655600,30000,4.4,23199,2707,28,116,1128,1435,20492,2812,14832,2848,Non-New York City
Nassau County,2003,680400,649600,30800,4.5,22943,2598,24,119,1109,1346,20345,3252,14417,2676,Non-New York City
Nassau County,2004,689000,659900,29100,4.2,22317,2501,24,108,1039,1330,19816,2872,14573,2371,Non-New York City
Nassau County,2005,696500,670300,26200,3.8,20760,2565,26,108,1191,1240,18195,2789,13398,2008,Non-New York City
Nassau County,2006,697900,675700,22200,3.2,21231,2578,21,90,1266,1201,18653,2798,14262,1593,Non-New York City
Nassau County,2007,696100,669800,26300,3.8,20020,2341,24,95,1059,1163,17679,2396,13697,1586,Non-New York City
Nassau County,2008,694300,655800,38500,5.5,21075,2309,29,75,1136,1069,18766,2626,14690,1450,Non-New York City
Nassau County,2009,684600,635600,49000,7.2,21828,2496,30,94,1200,1172,19332,2571,15211,1550,Non-New York City
Nassau County,2010,683700,636300,47400,6.9,20320,2344,28,81,1077,1158,17976,2653,14170,1153,Non-New York City
Nassau County,2011,682800,636200,46600,6.8,19374,2226,23,63,1074,1066,17148,2784,13314,1050,Non-New York City
Nassau County,2012,694200,646900,47300,6.8,19575,2458,28,71,1099,1260,17117,2743,13372,1002,Non-New York City
Nassau County,2013,687100,652900,34200,5,18683,2111,25,54,1043,989,16572,2355,13328,889,Non-New York City
Nassau County,2014,679800,651500,28300,4.2,17680,2043,18,60,937,1028,15637,1931,12836,870,Non-New York City
Nassau County,2015,698000,672100,25900,3.7,16358,1984,21,80,832,1051,14374,1709,11981,684,Non-New York City
Nassau County,2016,694300,667800,26500,3.8,15278,1826,20,62,734,1010,13452,1483,11278,691,Non-New York City
Nassau County,2017,713300,686400,26900,3.8,14039,1650,17,41,599,993,12389,1114,10621,654,Non-New York City
Nassau County,2018,720100,698000,22100,3.1,13383,1509,15,28,511,955,11874,1017,10190,667,Non-New York City
Nassau County,2019,728100,704800,23300,3.2,13387,1644,16,57,490,1081,11743,870,10234,639,Non-New York City
Nassau County,2020,704300,666600,37700,5.4,12244,1826,23,54,523,1226,10418,975,8741,702,Non-New York City
Nassau County,2021,712000,693200,18800,2.6,12538,1915,19,172,445,1279,10623,838,9156,629,Non-New York City
Nassau County,2022,721800,703500,18300,2.5,18509,2268,9,107,635,1517,16241,1125,14149,967,Non-New York City
New York County,1990,773500,721600,51900,6.7,217786,44434,497,685,26991,16261,173352,29074,122704,21574,New York City
New York County,1991,763900,698900,65000,8.5,209177,41209,483,629,24829,15268,167968,26120,122015,19833,New York City
New York County,1992,778000,701600,76400,9.8,187947,37788,417,601,21895,14875,150159,24853,107788,17518,New York City
New York County,1993,771800,704200,67600,8.8,172021,35470,418,619,20270,14163,136551,22521,98346,15684,New York City
New York County,1994,773000,725400,47600,6.2,151083,31895,320,531,17422,13622,119188,20031,86154,13003,New York City
New York County,1995,785700,732200,53500,6.8,123638,25095,242,422,13387,11044,98543,16770,71746,10027,New York City
New York County,1996,824200,759500,64700,7.8,107398,22006,203,462,11304,10037,85392,13469,63285,8638,New York City
New York County,1997,848500,789400,59000,7,100253,20174,150,406,10057,9561,80079,11068,62233,6778,New York City
New York County,1998,857300,804500,52900,6.2,89805,18054,104,323,8849,8778,71751,9637,56365,5749,New York City
New York County,1999,868800,826400,42400,4.9,81613,16179,131,254,7822,7972,65434,7844,53073,4517,New York City
New York County,2000,857100,817700,39400,4.6,79279,15583,104,265,7129,8085,63696,7075,52453,4168,New York City
New York County,2001,869800,806200,63500,7.3,72996,14248,104,249,6130,7765,58748,6241,49020,3487,New York City
New York County,2002,874200,807100,67100,7.7,68152,13211,84,290,5965,6872,54941,5771,45801,3369,New York City
New York County,2003,868900,811100,57800,6.6,64456,12179,95,343,5617,6124,52277,5765,43531,2981,New York City
New York County,2004,893300,847500,45800,5.1,62731,11414,90,357,5288,5679,51317,5256,43504,2557,New York City
New York County,2005,907500,865500,42000,4.6,59682,11180,91,322,5531,5236,48502,4703,41712,2087,New York City
New York County,2006,912900,879700,33300,3.6,56255,10662,111,222,5083,5246,45593,4631,39225,1737,New York City
New York County,2007,925900,886700,39200,4.2,55098,10055,69,202,4676,5108,45043,3794,39743,1506,New York City
New York County,2008,946600,888800,57800,6.1,54731,9176,62,212,4460,4442,45555,3845,40380,1330,New York City
New York County,2009,926300,846300,80000,8.6,52899,8710,59,191,3781,4679,44189,3612,39495,1082,New York City
New York County,2010,879000,811400,67600,7.7,51297,8829,70,282,3787,4690,42468,2967,38514,987,New York City
New York County,2011,887400,817100,70300,7.9,50858,9021,71,288,3648,5014,41837,3082,37856,899,New York City
New York County,2012,900100,831300,68800,7.6,51756,9102,63,295,3581,5163,42654,3085,38735,834,New York City
New York County,2013,897900,840300,57500,6.4,51872,8708,39,236,3340,5093,43164,2775,39647,742,New York City
New York County,2014,905100,860000,45100,5,47566,8327,37,243,2909,5138,39239,2678,35791,770,New York City
New York County,2015,904100,865500,38600,4.3,47307,8789,41,467,3148,5133,38518,2538,35156,824,New York City
New York County,2016,908700,873000,35700,3.9,46653,8839,41,494,2929,5375,37814,2206,34867,741,New York City
New York County,2017,950200,916000,34200,3.6,47146,8671,46,530,2749,5346,38475,2215,35622,638,New York City
New York County,2018,954700,920500,34200,3.6,49830,8951,31,640,2731,5549,40879,2455,37682,742,New York City
New York County,2019,959500,931200,28400,3,49858,9779,52,527,3115,6085,40079,2333,37064,682,New York City
New York County,2020,890100,807600,82500,9.3,47676,9264,84,430,3053,5697,38412,4449,32568,1395,New York City
New York County,2021,908900,855800,53100,5.8,53543,11721,92,484,3562,7583,41822,3485,36710,1627,New York City
New York County,2022,922900,885200,37700,4.1,69454,12985,78,567,4176,8164,56469,4565,49931,1973,New York City
Orange County,1990,151500,143900,7500,5,11125,1339,17,64,367,891,9786,2413,6834,539,Non-New York City
Orange County,1991,150100,141500,8600,5.7,11207,1263,13,94,330,826,9944,2400,7091,453,Non-New York City
Orange County,1992,153400,144100,9400,6.1,10518,1254,13,69,288,884,9264,2002,6827,435,Non-New York City
Orange County,1993,155000,146500,8500,5.5,10093,1195,11,72,244,868,8898,1830,6686,382,Non-New York City
Orange County,1994,153600,147000,6600,4.3,9969,1345,11,65,357,912,8624,1732,6504,388,Non-New York City
Orange County,1995,150400,143900,6400,4.3,10406,1174,6,57,257,854,9232,1955,6654,623,Non-New York City
Orange County,1996,155000,149400,5600,3.6,9809,1145,15,50,242,838,8664,1758,6423,483,Non-New York City
Orange County,1997,157200,151900,5300,3.4,8985,1051,5,69,204,773,7934,1584,5947,403,Non-New York City
Orange County,1998,158400,154000,4400,2.8,8633,1079,9,63,201,806,7554,1401,5742,411,Non-New York City
Orange County,1999,160500,156000,4500,2.8,8801,1005,12,62,220,711,7796,1399,6019,378,Non-New York City
Orange County,2000,162200,157400,4800,3,8755,1014,5,51,277,681,7741,1320,6084,337,Non-New York City
Orange County,2001,166000,158800,7200,4.3,8601,1036,17,66,232,721,7565,1267,5979,319,Non-New York City
Orange County,2002,170400,163400,7000,4.1,8722,1240,16,76,294,854,7482,1288,5827,367,Non-New York City
Orange County,2003,171800,163700,8000,4.7,7902,932,5,71,206,650,6970,1172,5385,413,Non-New York City
Orange County,2004,176400,168800,7600,4.3,7360,930,11,80,219,620,6430,963,5078,389,Non-New York City
Orange County,2005,178500,171200,7300,4.1,8169,976,8,81,331,556,7193,1099,5705,389,Non-New York City
Orange County,2006,178900,172300,6600,3.7,8351,971,8,61,340,562,7380,1204,5855,321,Non-New York City
Orange County,2007,178800,171100,7800,4.3,8781,1042,9,77,322,634,7739,1299,6099,341,Non-New York City
Orange County,2008,180100,168900,11200,6.2,9184,1039,13,69,330,627,8145,1296,6522,327,Non-New York City
Orange County,2009,178700,164000,14700,8.2,8766,942,9,46,321,566,7824,1097,6464,263,Non-New York City
Orange County,2010,179200,165200,14000,7.8,9079,996,17,51,338,590,8083,1230,6614,239,Non-New York City
Orange County,2011,178500,164900,13600,7.6,9008,1016,9,59,393,555,7992,1409,6346,237,Non-New York City
Orange County,2012,179100,165700,13400,7.5,9496,1077,9,67,373,628,8419,1352,6828,239,Non-New York City
Orange County,2013,175800,165600,10300,5.8,8589,868,12,74,277,505,7721,1195,6309,217,Non-New York City
Orange County,2014,173800,165600,8300,4.8,7852,831,7,59,239,526,7021,974,5855,192,Non-New York City
Orange County,2015,177000,169800,7300,4.1,7244,918,6,144,218,550,6326,862,5280,184,Non-New York City
Orange County,2016,177000,169500,7500,4.3,7311,904,11,132,234,527,6407,774,5436,197,Non-New York City
Orange County,2017,183000,175300,7700,4.2,6758,875,8,165,198,504,5883,616,5092,175,Non-New York City
Orange County,2018,188200,181900,6300,3.3,5945,793,5,138,182,468,5152,562,4446,144,Non-New York City
Orange County,2019,192300,185400,6900,3.6,5256,727,11,146,132,438,4529,418,3997,114,Non-New York City
Orange County,2020,184300,173900,10400,5.6,4854,673,9,131,114,419,4181,436,3546,199,Non-New York City
Orange County,2021,186100,180700,5400,2.9,4883,764,6,135,149,474,4119,361,3585,173,Non-New York City
Orange County,2022,189200,183800,5400,2.9,5099,742,9,134,126,473,4357,357,3790,210,Non-New York City
Putnam County,1990,47600,45800,1800,3.8,1903,135,0,9,8,118,1768,509,1140,119,Non-New York City
Putnam County,1991,47500,45000,2500,5.3,1843,109,0,8,15,86,1734,424,1186,124,Non-New York City
Putnam County,1992,47700,45000,2600,5.5,1673,107,2,4,14,87,1566,443,1008,115,Non-New York City
Putnam County,1993,47400,45200,2200,4.6,1543,79,2,3,18,56,1464,424,967,73,Non-New York City
Putnam County,1994,48900,47000,1800,3.7,1391,64,1,9,5,49,1327,362,915,50,Non-New York City
Putnam County,1995,48500,46900,1600,3.2,1354,60,1,6,15,38,1294,368,865,61,Non-New York City
Putnam County,1996,50300,48900,1400,2.8,1375,70,0,5,9,56,1305,318,898,89,Non-New York City
Putnam County,1997,52600,51300,1300,2.4,1296,60,0,8,13,39,1236,288,872,76,Non-New York City
Putnam County,1998,54100,52900,1200,2.3,1289,70,0,5,14,51,1219,302,855,62,Non-New York City
Putnam County,1999,55300,54100,1200,2.1,1220,66,4,8,7,47,1154,232,864,58,Non-New York City
Putnam County,2000,52400,51100,1300,2.4,1071,53,1,5,8,39,1018,200,761,57,Non-New York City
Putnam County,2001,52700,50800,1900,3.7,1099,91,0,9,11,71,1008,198,760,50,Non-New York City
Putnam County,2002,54200,52200,2000,3.7,1282,73,1,7,11,54,1209,271,864,74,Non-New York City
Putnam County,2003,54200,52100,2100,3.9,1188,79,0,6,18,55,1109,202,858,49,Non-New York City
Putnam County,2004,55900,53700,2100,3.8,1089,77,0,10,8,59,1012,197,778,37,Non-New York City
Putnam County,2005,56500,54500,2000,3.5,1112,95,0,13,25,57,1017,210,748,59,Non-New York City
Putnam County,2006,56400,54700,1700,2.9,963,93,1,3,25,64,870,194,646,30,Non-New York City
Putnam County,2007,55700,53800,1900,3.5,983,71,3,10,10,48,912,150,729,33,Non-New York City
Putnam County,2008,55400,52500,2900,5.2,1052,83,2,6,13,62,969,201,736,32,Non-New York City
Putnam County,2009,54300,50400,3900,7.2,963,85,0,6,15,64,878,187,655,36,Non-New York City
Putnam County,2010,51700,48100,3600,7,934,69,2,6,10,51,865,189,652,24,Non-New York City
Putnam County,2011,51500,47900,3600,7.1,860,66,1,3,8,54,794,178,598,18,Non-New York City
Putnam County,2012,51300,47800,3500,6.9,875,41,0,7,8,26,834,188,613,33,Non-New York City
Putnam County,2013,50500,47900,2600,5.1,772,49,0,12,8,29,723,131,565,27,Non-New York City
Putnam County,2014,49700,47600,2100,4.3,780,51,0,3,8,40,729,161,553,15,Non-New York City
Putnam County,2015,50700,48700,1900,3.8,589,43,0,12,3,28,546,89,430,27,Non-New York City
Putnam County,2016,50200,48200,2000,4,603,37,0,10,6,21,566,86,456,24,Non-New York City
Putnam County,2017,51400,49400,2000,4,628,54,1,15,9,29,574,94,462,18,Non-New York City
Putnam County,2018,52200,50500,1700,3.3,502,54,0,15,5,34,448,50,384,14,Non-New York City
Putnam County,2019,52300,50400,1900,3.6,377,49,0,18,6,25,328,30,284,14,Non-New York City
Putnam County,2020,50600,48100,2400,4.8,398,37,0,9,2,26,361,43,289,29,Non-New York City
Putnam County,2021,50700,49400,1300,2.6,517,58,0,22,4,32,459,31,401,27,Non-New York City
Putnam County,2022,51100,49800,1300,2.6,536,63,0,15,7,41,473,37,404,32,Non-New York City
Queens County,1990,939100,880500,58700,6.2,165179,30441,308,556,18135,11442,134738,29273,55165,50300,New York City
Queens County,1991,937000,854300,82600,8.8,160205,31821,303,562,19616,11340,128384,27912,50485,49987,New York City
Queens County,1992,955800,856600,99100,10.4,151896,30816,352,530,19093,10841,121080,25185,48762,47133,New York City
Queens County,1993,939000,857800,81200,8.6,149016,28565,273,489,16971,10832,120451,23843,53464,43144,New York City
Queens County,1994,939500,877800,61700,6.6,129050,25412,268,521,14394,10229,103638,22302,45875,35461,New York City
Queens County,1995,952500,880800,71700,7.5,107935,21789,226,408,12413,8742,86146,18951,40627,26568,New York City
Queens County,1996,988900,910700,78200,7.9,93823,18786,164,452,10378,7792,75037,15887,36766,22384,New York City
Queens County,1997,1015400,944100,71300,7,85894,17832,132,416,9033,8251,68062,14886,33107,20069,New York City
Queens County,1998,1026400,963600,62800,6.1,75665,16492,110,358,8178,7846,59173,12039,30866,16268,New York City
Queens County,1999,1044000,990100,53900,5.2,70598,15700,121,316,7863,7400,54898,10694,29889,14315,New York City
Queens County,2000,1062600,1015000,47600,4.5,64662,14349,112,303,6722,7212,50313,9311,28512,12490,New York City
Queens County,2001,1064600,993300,71300,6.7,59338,12991,87,278,5891,6735,46347,8139,27518,10690,New York City
Queens County,2002,1070800,992900,77900,7.3,56889,12625,98,281,5694,6552,44264,8125,26986,9153,New York City
Queens County,2003,1057300,987800,69500,6.6,50442,11106,122,288,5179,5517,39336,7226,24671,7439,New York City
Queens County,2004,1085100,1026900,58200,5.4,48142,10323,115,291,4819,5098,37819,6434,24778,6607,New York City
Queens County,2005,1094900,1042900,52000,4.7,45122,10250,93,355,4957,4845,34872,5745,23535,5592,New York City
Queens County,2006,1095300,1054300,41000,3.7,44108,10102,85,257,4918,4842,34006,5640,23402,4964,New York City
Queens County,2007,1112100,1063700,48400,4.4,42630,9846,72,207,4417,5150,32784,5688,23151,3945,New York City
Queens County,2008,1136700,1067700,69000,6.1,41349,9689,95,194,4591,4809,31660,5046,22765,3849,New York City
Queens County,2009,1127000,1026400,100600,8.9,38925,9299,82,192,3997,5028,29626,4714,21612,3300,New York City
Queens County,2010,1106100,1019000,87100,7.9,38808,9725,100,196,4066,5363,29083,4704,20895,3484,New York City
Queens County,2011,1115600,1024800,90800,8.1,39863,10311,82,221,4057,5951,29552,4815,21588,3149,New York City
Queens County,2012,1131300,1041600,89700,7.9,40199,10753,83,254,4149,6267,29446,5181,21550,2715,New York City
Queens County,2013,1134800,1059600,75100,6.6,39913,10740,59,254,3994,6433,29173,4732,22030,2411,New York City
Queens County,2014,1148800,1089000,59900,5.2,38030,9800,64,207,3271,6258,28230,4191,21434,2605,New York City
Queens County,2015,1148700,1098600,50100,4.4,35920,9854,60,468,3270,6056,26066,3396,20400,2270,New York City
Queens County,2016,1150200,1106100,44100,3.8,33800,9356,47,486,2989,5834,24444,3056,19455,1933,New York City
Queens County,2017,1201300,1159600,41700,3.5,32860,9184,50,495,2851,5788,23676,2721,19373,1582,New York City
Queens County,2018,1193200,1151300,41900,3.5,33135,8856,65,582,2534,5675,24279,2360,20344,1575,New York City
Queens County,2019,1186100,1151600,34400,2.9,32483,9393,69,643,2493,6188,23090,2298,19231,1561,New York City
Queens County,2020,1127500,996500,131000,11.6,37446,9629,78,515,2549,6487,27817,2842,22431,2544,New York City
Queens County,2021,1137000,1055400,81600,7.2,39330,10262,83,552,2502,7125,29068,2445,23936,2687,New York City
Queens County,2022,1142000,1091500,50500,4.4,50333,11847,78,576,3323,7870,38486,2999,31762,3725,New York City
Richmond County,1990,177800,166600,11200,6.3,21853,3092,29,80,1037,1946,18761,3621,7909,7231,New York City
Richmond County,1991,180100,164000,16000,8.9,19809,3127,30,65,1145,1887,16682,3567,6994,6121,New York City
Richmond County,1992,183200,166700,16500,9,18144,3319,27,53,1385,1854,14825,3267,6433,5125,New York City
Richmond County,1993,183800,168300,15500,8.4,18203,3347,25,58,1403,1861,14856,3422,6469,4965,New York City
Richmond County,1994,183700,172500,11200,6.1,17966,3189,34,62,1270,1823,14777,3235,7023,4519,New York City
Richmond County,1995,184400,172100,12300,6.7,13829,2749,26,58,1088,1577,11080,2335,5379,3366,New York City
Richmond County,1996,194000,179100,14900,7.7,11951,2523,28,45,927,1523,9428,1872,4799,2757,New York City
Richmond County,1997,199400,185900,13500,6.8,11346,2571,16,55,959,1541,8775,1675,4846,2254,New York City
Richmond County,1998,202400,191200,11100,5.5,9060,1855,12,43,549,1251,7205,1280,4126,1799,New York City
Richmond County,1999,208800,198800,10000,4.8,8617,1547,17,36,479,1015,7070,1054,4349,1667,New York City
Richmond County,2000,216900,207600,9300,4.3,8605,1714,25,49,473,1167,6891,1053,4511,1327,New York City
Richmond County,2001,217600,204300,13300,6.1,7693,1479,13,32,376,1058,6214,927,4224,1063,New York City
Richmond County,2002,221900,206200,15800,7.1,7848,1426,12,39,375,1000,6422,1010,4555,857,New York City
Richmond County,2003,222500,207500,15000,6.7,6957,1297,9,35,382,871,5660,792,4197,671,New York City
Richmond County,2004,228000,216200,11700,5.1,7102,1419,8,31,407,973,5683,801,4279,603,New York City
Richmond County,2005,232300,221400,10900,4.7,7065,1499,15,48,462,974,5566,803,4207,556,New York City
Richmond County,2006,237400,228600,8800,3.7,7136,1408,20,38,446,904,5728,675,4425,628,New York City
Richmond County,2007,241600,231200,10400,4.3,6839,1337,12,33,452,840,5502,759,4221,522,New York City
Richmond County,2008,247200,232500,14700,5.9,7508,1325,21,43,475,786,6183,810,4907,466,New York City
Richmond County,2009,245600,224100,21500,8.7,6962,1303,16,33,395,859,5659,629,4602,428,New York City
Richmond County,2010,217500,198500,19000,8.7,6819,1351,17,44,424,866,5468,611,4509,348,New York City
Richmond County,2011,218300,198400,19900,9.1,6801,1428,16,32,398,982,5373,723,4310,340,New York City
Richmond County,2012,219900,199900,20000,9.1,7146,1664,10,35,445,1174,5482,726,4444,312,New York City
Richmond County,2013,219500,202700,16900,7.7,7234,1658,7,32,526,1093,5576,669,4681,226,New York City
Richmond County,2014,219100,205900,13200,6,6865,1551,15,31,417,1088,5314,589,4505,220,New York City
Richmond County,2015,217600,206700,10900,5,6465,1651,14,94,456,1087,4814,557,4038,219,New York City
Richmond County,2016,219000,209400,9600,4.4,6313,1589,21,99,422,1047,4724,488,3989,247,New York City
Richmond County,2017,228000,219000,9000,3.9,5969,1451,13,90,328,1020,4518,401,3883,234,New York City
Richmond County,2018,232600,223600,9000,3.9,5738,1408,10,128,327,943,4330,342,3803,185,New York City
Richmond County,2019,233600,226200,7400,3.2,4789,1298,14,113,227,944,3491,262,3050,179,New York City
Richmond County,2020,219700,197800,22000,10,5042,1347,20,84,245,998,3695,286,3163,246,New York City
Richmond County,2021,225100,209300,15700,7,4845,1313,15,92,207,999,3532,194,3053,285,New York City
Richmond County,2022,227300,216500,10700,4.7,7181,1746,11,81,289,1365,5435,303,4613,519,New York City
Rockland County,1990,143300,138000,5300,3.7,8508,709,5,40,178,486,7799,1429,5790,580,Non-New York City
Rockland County,1991,139200,131300,8000,5.7,7910,787,7,40,199,541,7123,1501,5131,491,Non-New York City
Rockland County,1992,141400,133300,8100,5.7,7715,730,7,46,218,459,6985,1353,5154,478,Non-New York City
Rockland County,1993,143100,135500,7600,5.3,7648,618,7,35,196,380,7030,1190,5457,383,Non-New York City
Rockland County,1994,142200,136200,6000,4.2,7378,659,7,27,186,439,6719,1190,5149,380,Non-New York City
Rockland County,1995,137200,131600,5600,4.1,8587,767,8,27,296,436,7820,1373,5976,471,Non-New York City
Rockland County,1996,143100,137900,5300,3.7,7797,658,6,22,197,433,7139,1197,5564,378,Non-New York City
Rockland County,1997,144800,140100,4700,3.2,7437,746,2,28,223,493,6691,1252,5101,338,Non-New York City
Rockland County,1998,149000,145000,4000,2.7,7012,710,5,38,176,491,6302,962,5013,327,Non-New York City
Rockland County,1999,147000,143000,4000,2.7,6707,739,6,30,217,486,5968,787,4802,379,Non-New York City
Rockland County,2000,145000,141000,4000,2.7,6009,635,6,23,168,438,5374,789,4243,342,Non-New York City
Rockland County,2001,145100,139200,6000,4.1,6099,719,4,33,197,485,5380,885,4179,316,Non-New York City
Rockland County,2002,148200,142100,6100,4.1,5409,649,4,22,172,451,4760,736,3787,237,Non-New York City
Rockland County,2003,148000,141200,6800,4.6,4946,554,6,19,139,390,4392,628,3563,201,Non-New York City
Rockland County,2004,150700,144800,5900,3.9,5232,571,5,27,176,363,4661,553,3887,221,Non-New York City
Rockland County,2005,152400,146700,5700,3.7,4758,541,5,24,125,387,4217,539,3502,176,Non-New York City
Rockland County,2006,152900,148100,4800,3.1,4746,507,3,29,163,312,4239,543,3512,184,Non-New York City
Rockland County,2007,154000,148000,6000,3.9,4477,545,1,28,161,355,3932,508,3245,179,Non-New York City
Rockland County,2008,154200,145900,8300,5.4,5047,542,2,32,151,357,4505,562,3803,140,Non-New York City
Rockland County,2009,151600,140700,10900,7.2,4988,473,2,18,149,304,4515,498,3864,153,Non-New York City
Rockland County,2010,148000,137200,10900,7.3,4866,464,2,20,148,294,4402,587,3692,123,Non-New York City
Rockland County,2011,148300,137700,10600,7.1,4655,564,3,33,167,361,4091,534,3450,107,Non-New York City
Rockland County,2012,150100,139700,10500,7,4417,505,2,29,150,324,3912,552,3230,130,Non-New York City
Rockland County,2013,148100,140200,7900,5.3,3843,401,4,28,96,273,3442,416,2933,93,Non-New York City
Rockland County,2014,148400,141700,6700,4.5,3734,372,3,19,112,238,3362,379,2902,81,Non-New York City
Rockland County,2015,151600,145700,5900,3.9,3818,493,4,64,127,298,3325,303,2927,95,Non-New York City
Rockland County,2016,151200,145000,6300,4.1,3588,384,2,48,104,230,3204,262,2824,118,Non-New York City
Rockland County,2017,155000,148800,6200,4,3441,403,1,70,101,231,3038,273,2671,94,Non-New York City
Rockland County,2018,157600,152600,5100,3.2,3285,373,1,66,93,213,2912,189,2647,76,Non-New York City
Rockland County,2019,159900,154700,5200,3.3,2931,382,6,61,76,239,2549,172,2305,72,Non-New York City
Rockland County,2020,153400,145300,8100,5.3,2773,342,9,50,59,224,2431,224,2104,103,Non-New York City
Rockland County,2021,155700,151600,4100,2.6,2354,348,6,39,51,252,2006,142,1779,85,Non-New York City
Rockland County,2022,158400,154400,4000,2.5,2883,362,4,40,66,252,2521,143,2299,79,Non-New York City
Suffolk County,1990,704100,668300,35700,5.1,61300,3786,35,155,1536,2060,57514,12968,36506,8040,Non-New York City
Suffolk County,1991,691000,640100,50900,7.4,67697,3989,42,135,1835,1977,63708,14322,40040,9346,Non-New York City
Suffolk County,1992,691800,639200,52600,7.6,64042,4218,52,110,1885,2171,59824,13401,37000,9423,Non-New York City
Suffolk County,1993,692600,647400,45200,6.5,59241,3799,49,91,1825,1834,55442,12117,35099,8226,Non-New York City
Suffolk County,1994,693300,658400,34900,5,51720,3154,46,58,1340,1710,48566,9996,32713,5857,Non-New York City
Suffolk County,1995,687200,654100,33100,4.8,47187,2758,34,52,1099,1573,44429,7757,32445,4227,Non-New York City
Suffolk County,1996,708500,681200,27300,3.9,45231,2567,44,49,1072,1402,42664,7441,31400,3823,Non-New York City
Suffolk County,1997,721000,694000,27000,3.7,44265,2513,35,50,991,1437,41752,7710,30604,3438,Non-New York City
Suffolk County,1998,727800,706100,21700,3,41516,2730,34,159,927,1610,38786,5551,30481,2754,Non-New York City
Suffolk County,1999,735800,713200,22600,3.1,37443,2430,23,135,888,1384,35013,5162,27044,2807,Non-New York City
Suffolk County,2000,738800,716200,22600,3.1,36411,3049,28,118,982,1921,33362,4905,25500,2957,Non-New York City
Suffolk County,2001,745300,711500,33800,4.5,37655,3326,34,162,1047,2083,34329,5271,25836,3222,Non-New York City
Suffolk County,2002,759600,724700,34900,4.6,36707,3124,19,169,996,1940,33583,5211,25258,3114,Non-New York City
Suffolk County,2003,760400,724300,36100,4.8,35391,2975,29,142,1059,1745,32416,5139,24225,3052,Non-New York City
Suffolk County,2004,774100,740200,34000,4.4,32016,2844,28,130,958,1728,29172,4316,22091,2765,Non-New York City
Suffolk County,2005,785300,754600,30700,3.9,32092,3109,32,103,1159,1815,28983,4294,22311,2378,Non-New York City
Suffolk County,2006,789000,762200,26800,3.4,32596,3100,38,110,1142,1810,29496,4181,22831,2484,Non-New York City
Suffolk County,2007,789800,758100,31700,4,31374,2657,30,109,957,1561,28717,4066,22390,2261,Non-New York City
Suffolk County,2008,794000,746600,47400,6,34015,2613,39,112,985,1477,31402,4777,24523,2102,Non-New York City
Suffolk County,2009,784500,723400,61000,7.8,32603,2740,33,85,1059,1563,29863,4555,23647,1661,Non-New York City
Suffolk County,2010,770700,711500,59100,7.7,32638,2377,52,68,877,1380,30261,4822,23841,1598,Non-New York City
Suffolk County,2011,771100,712000,59100,7.7,31406,2217,32,63,818,1304,29189,5108,22807,1274,Non-New York City
Suffolk County,2012,778700,721200,57600,7.4,28885,2127,23,47,757,1300,26758,4361,21212,1185,Non-New York City
Suffolk County,2013,770600,726900,43600,5.7,26379,1934,27,53,694,1160,24445,3610,19656,1179,Non-New York City
Suffolk County,2014,759100,723000,36200,4.8,26121,1765,29,50,633,1053,24356,3338,19775,1243,Non-New York City
Suffolk County,2015,776400,743600,32800,4.2,24496,2010,25,167,732,1086,22486,2591,18650,1245,Non-New York City
Suffolk County,2016,767800,734600,33200,4.3,23092,1896,33,151,612,1100,21196,2132,17891,1173,Non-New York City
Suffolk County,2017,785700,752100,33700,4.3,21462,1749,22,161,537,1029,19713,1679,16928,1106,Non-New York City
Suffolk County,2018,792100,765600,26500,3.3,18977,1512,21,208,424,859,17465,1220,15281,964,Non-New York City
Suffolk County,2019,799400,771000,28400,3.6,18194,1419,26,234,303,856,16775,1065,14874,836,Non-New York City
Suffolk County,2020,772100,731100,41000,5.3,18148,1321,33,171,316,801,16827,1127,14434,1266,Non-New York City
Suffolk County,2021,781100,759200,21900,2.8,17114,1455,33,237,282,903,15659,843,13598,1218,Non-New York City
Suffolk County,2022,792500,770100,22400,2.8,20785,1371,27,126,296,922,19414,1018,16925,1471,Non-New York City
Sullivan County,1990,31300,28900,2400,7.7,3169,300,3,18,39,240,2869,1100,1647,122,Non-New York City
Sullivan County,1991,30900,28000,2900,9.4,3229,338,5,17,61,255,2891,1105,1698,88,Non-New York City
Sullivan County,1992,32200,28700,3500,10.8,2872,334,4,24,55,251,2538,947,1518,73,Non-New York City
Sullivan County,1993,31300,28500,2900,9.2,3111,379,4,16,59,300,2732,1081,1546,105,Non-New York City
Sullivan County,1994,30600,28300,2300,7.4,3115,381,5,25,42,309,2734,1158,1468,108,Non-New York City
Sullivan County,1995,30400,28100,2300,7.6,3031,341,4,17,61,259,2690,1149,1458,83,Non-New York City
Sullivan County,1996,30800,28700,2100,6.8,2939,398,0,22,53,323,2541,984,1457,100,Non-New York City
Sullivan County,1997,29900,27500,2300,7.8,2887,430,2,23,45,360,2457,975,1403,79,Non-New York City
Sullivan County,1998,29900,27600,2300,7.8,2528,277,4,15,40,218,2251,767,1411,73,Non-New York City
Sullivan County,1999,30600,28900,1800,5.8,2108,235,6,13,26,190,1873,572,1239,62,Non-New York City
Sullivan County,2000,31800,30400,1500,4.6,2202,285,2,18,51,214,1917,601,1265,51,Non-New York City
Sullivan County,2001,33200,31300,1900,5.7,1817,259,3,17,29,210,1558,393,1131,34,Non-New York City
Sullivan County,2002,33700,31900,1800,5.3,1837,256,0,18,37,201,1581,473,1048,60,Non-New York City
Sullivan County,2003,33400,31400,2000,6,2106,294,2,32,29,231,1812,562,1163,87,Non-New York City
Sullivan County,2004,34600,32600,1900,5.6,1880,273,2,31,31,209,1607,515,1017,75,Non-New York City
Sullivan County,2005,34600,32800,1800,5.1,2221,260,0,22,46,192,1961,565,1317,79,Non-New York City
Sullivan County,2006,34900,33200,1800,5,2004,291,2,28,47,214,1713,489,1131,93,Non-New York City
Sullivan County,2007,34500,32400,2100,6,2067,268,0,20,45,203,1799,492,1206,101,Non-New York City
Sullivan County,2008,34700,31800,2900,8.3,1806,195,3,27,27,138,1611,506,1047,58,Non-New York City
Sullivan County,2009,34300,30900,3400,9.9,1544,186,3,22,28,133,1358,433,891,34,Non-New York City
Sullivan County,2010,35100,31700,3400,9.6,1708,219,3,24,34,158,1489,434,1004,51,Non-New York City
Sullivan County,2011,34500,31200,3300,9.5,1940,201,2,20,26,153,1739,549,1146,44,Non-New York City
Sullivan County,2012,34300,31000,3300,9.6,1929,179,1,34,29,115,1750,569,1140,41,Non-New York City
Sullivan County,2013,32800,30200,2600,7.9,1720,172,1,18,22,131,1548,484,1024,40,Non-New York City
Sullivan County,2014,32300,30300,2000,6.2,1646,157,3,14,27,113,1489,471,978,40,Non-New York City
Sullivan County,2015,33000,31300,1700,5.1,1331,171,1,64,15,91,1160,333,806,21,Non-New York City
Sullivan County,2016,32900,31200,1700,5.1,1229,197,4,68,23,102,1032,265,732,35,Non-New York City
Sullivan County,2017,34000,32300,1800,5.2,1282,221,2,98,13,108,1061,263,763,35,Non-New York City
Sullivan County,2018,36300,34900,1400,3.9,1198,195,1,65,20,109,1003,220,746,37,Non-New York City
Sullivan County,2019,37200,35600,1500,4.2,1018,187,1,69,12,105,831,178,626,27,Non-New York City
Sullivan County,2020,35900,33700,2200,6.1,852,147,4,45,17,81,705,125,545,35,Non-New York City
Sullivan County,2021,35800,34600,1100,3.2,932,136,5,41,14,76,796,141,606,49,Non-New York City
Sullivan County,2022,36600,35400,1100,3.1,845,143,4,42,18,79,702,108,547,47,Non-New York City
Ulster County,1990,82700,78700,4000,4.8,5542,613,8,24,68,513,4929,1429,3238,262,Non-New York City
Ulster County,1991,81800,76800,5100,6.2,5184,544,5,36,68,435,4640,1190,3215,235,Non-New York City
Ulster County,1992,81400,75900,5500,6.7,5211,501,7,38,74,382,4710,1154,3375,181,Non-New York City
Ulster County,1993,81200,75400,5800,7.2,5048,556,2,42,87,425,4492,1024,3259,209,Non-New York City
Ulster County,1994,78600,74400,4200,5.3,5030,593,7,38,60,488,4437,914,3316,207,Non-New York City
Ulster County,1995,76100,72400,3600,4.8,4776,524,7,47,56,414,4252,941,3147,164,Non-New York City
Ulster County,1996,77000,74100,3000,3.8,4548,592,7,24,57,504,3956,852,2917,187,Non-New York City
Ulster County,1997,79400,76400,3000,3.7,4880,629,3,23,77,526,4251,965,3085,201,Non-New York City
Ulster County,1998,81600,79000,2600,3.2,4207,543,4,19,62,458,3664,795,2701,168,Non-New York City
Ulster County,1999,82600,80000,2600,3.1,4072,389,7,22,51,309,3683,628,2851,204,Non-New York City
Ulster County,2000,87700,84900,2800,3.2,3963,401,1,23,55,322,3562,694,2679,189,Non-New York City
Ulster County,2001,89000,85000,4000,4.5,3500,359,3,18,43,295,3141,562,2415,164,Non-New York City
Ulster County,2002,91800,87900,3900,4.3,4106,525,1,26,93,405,3581,724,2696,161,Non-New York City
Ulster County,2003,89900,85600,4400,4.8,4026,582,4,36,107,435,3444,679,2552,213,Non-New York City
Ulster County,2004,90900,86600,4300,4.7,3905,467,5,36,94,332,3438,575,2737,126,Non-New York City
Ulster County,2005,91400,87500,3800,4.2,4062,558,3,65,105,385,3504,566,2772,166,Non-New York City
Ulster County,2006,91700,88400,3400,3.7,3919,512,5,50,76,381,3407,697,2556,154,Non-New York City
Ulster County,2007,89700,85400,4300,4.8,3473,455,3,41,66,345,3018,630,2259,129,Non-New York City
Ulster County,2008,89300,83600,5700,6.4,3670,459,6,51,71,331,3211,823,2291,97,Non-New York City
Ulster County,2009,88600,81300,7400,8.3,3898,445,1,27,98,319,3453,709,2627,117,Non-New York City
Ulster County,2010,91500,84300,7200,7.9,3840,408,2,31,63,312,3432,707,2617,108,Non-New York City
Ulster County,2011,90800,83600,7200,7.9,3772,335,2,43,65,225,3437,752,2597,88,Non-New York City
Ulster County,2012,90100,82800,7200,8,3943,279,1,31,38,209,3664,732,2853,79,Non-New York City
Ulster County,2013,88500,83000,5400,6.1,3582,294,3,31,52,208,3288,593,2640,55,Non-New York City
Ulster County,2014,86600,82300,4300,5,3262,293,5,50,49,189,2969,558,2367,44,Non-New York City
Ulster County,2015,88000,84200,3800,4.3,3011,304,0,96,41,167,2707,421,2214,72,Non-New York City
Ulster County,2016,86700,82800,3900,4.5,2644,297,4,75,36,182,2347,396,1886,65,Non-New York City
Ulster County,2017,88500,84700,3800,4.3,2572,289,2,64,40,183,2283,312,1904,67,Non-New York City
Ulster County,2018,89400,86200,3200,3.5,2262,283,5,94,22,162,1979,289,1609,81,Non-New York City
Ulster County,2019,89800,86600,3200,3.5,2115,258,4,74,19,161,1857,242,1547,68,Non-New York City
Ulster County,2020,85400,80800,4700,5.5,1925,228,7,65,24,132,1697,219,1408,70,Non-New York City
Ulster County,2021,85800,83300,2500,2.9,1753,245,2,69,27,147,1508,123,1301,84,Non-New York City
Ulster County,2022,86100,83600,2500,2.9,1727,202,2,42,22,136,1525,130,1314,81,Non-New York City
Westchester County,1990,463800,445000,18800,4,38145,3871,50,128,1927,1766,34274,6465,21564,6245,Non-New York City
Westchester County,1991,452400,427800,24600,5.4,37118,3933,36,120,2037,1740,33185,6365,20513,6307,Non-New York City
Westchester County,1992,449700,423500,26200,5.8,34275,3722,32,133,1780,1777,30553,6118,19526,4909,Non-New York City
Westchester County,1993,440800,419200,21600,4.9,32727,3840,34,123,1870,1813,28887,5451,18627,4809,Non-New York City
Westchester County,1994,438900,421400,17500,4,31166,3632,28,129,1832,1643,27534,5037,17747,4750,Non-New York City
Westchester County,1995,436300,419300,16900,3.9,31001,3572,29,95,1757,1691,27429,4559,18796,4074,Non-New York City
Westchester County,1996,450000,434500,15500,3.4,29486,3227,42,105,1541,1539,26259,4503,17809,3947,Non-New York City
Westchester County,1997,457600,443100,14500,3.2,28601,3146,31,107,1433,1575,25455,4370,16955,4130,Non-New York City
Westchester County,1998,453000,440000,13000,2.9,25977,2994,25,109,1328,1532,22983,3446,16329,3208,Non-New York City
Westchester County,1999,457100,444400,12800,2.8,22710,2740,13,80,1140,1507,19970,2783,14270,2917,Non-New York City
Westchester County,2000,464900,451000,13900,3,22034,2624,31,99,1002,1492,19410,2854,13957,2599,Non-New York City
Westchester County,2001,466800,445900,20900,4.5,21591,2789,18,90,1136,1545,18802,2758,13729,2315,Non-New York City
Westchester County,2002,474400,454100,20300,4.3,19948,2575,33,78,1057,1407,17373,2747,12583,2043,Non-New York City
Westchester County,2003,470900,450100,20900,4.4,19498,2616,21,89,1145,1361,16882,2606,12438,1838,Non-New York City
Westchester County,2004,482100,462000,20100,4.2,18622,2601,29,105,1171,1296,16021,2300,12185,1536,Non-New York City
Westchester County,2005,486200,467900,18300,3.8,17345,2648,23,77,1278,1270,14697,2088,11343,1266,Non-New York City
Westchester County,2006,489400,473400,15900,3.3,17678,2768,20,83,1364,1301,14910,2202,11621,1087,Non-New York City
Westchester County,2007,490500,471600,18900,3.8,16786,2478,22,90,1038,1328,14308,2337,11000,971,Non-New York City
Westchester County,2008,490600,462900,27800,5.7,16723,2414,27,75,1093,1219,14309,2370,11096,843,Non-New York City
Westchester County,2009,480800,445100,35700,7.4,16636,2482,22,77,1042,1341,14154,2249,11007,898,Non-New York City
Westchester County,2010,471700,437800,33900,7.2,15392,2457,20,75,1095,1267,12935,1983,10276,676,Non-New York City
Westchester County,2011,471100,437800,33300,7.1,16283,2557,21,71,1034,1431,13726,2125,10823,778,Non-New York City
Westchester County,2012,476500,443200,33300,7,15040,2448,20,72,924,1432,12592,1887,10069,636,Non-New York City
Westchester County,2013,469000,443900,25100,5.3,14135,2192,11,59,843,1279,11943,1678,9646,619,Non-New York City
Westchester County,2014,467700,446500,21100,4.5,12106,2149,14,65,804,1266,9957,1490,7995,472,Non-New York City
Westchester County,2015,477300,458000,19300,4,12240,2148,17,171,739,1221,10092,1307,8103,682,Non-New York City
Westchester County,2016,473800,453700,20200,4.3,12543,2116,24,144,768,1180,10427,1328,8490,609,Non-New York City
Westchester County,2017,485400,465000,20400,4.2,11580,1953,19,135,600,1199,9627,1010,8031,586,Non-New York City
Westchester County,2018,491800,475000,16800,3.4,9848,1678,14,127,452,1085,8170,822,6896,452,Non-New York City
Westchester County,2019,499300,481600,17700,3.5,9664,1633,13,118,450,1052,8031,672,6891,468,Non-New York City
Westchester County,2020,478700,450900,27800,5.8,10308,1584,25,112,395,1052,8724,818,7164,742,Non-New York City
Westchester County,2021,484900,471000,13900,2.9,9286,1521,20,95,381,1025,7765,741,6348,676,Non-New York City
Westchester County,2022,493300,479900,13400,2.7,11193,1677,10,98,444,1125,9516,770,7944,802,Non-New York City